blockNumber,timeStamp,hash,from,to,value,gas,gasPrice,isError
14463669,2022-03-26 19:20:31,0x544b605fbf04b8f2eab42c8a6b2efbe64d136940da36af93ade957bcf77222ea,0xddfabcdc4d8ffc6d5beaf154f18b778f892a0740,0x401230d64a5d996697cbb7919dd87103b730a693,6410830000000000,21000,46214422179,0
14463732,2022-03-26 19:35:30,0xf5334bf93afa4675fb687bca3cd347d31bd34ba5217e2797dce2f101260bc852,0x3cd751e6b0078be393132286c442345e5dc49699,0x401230d64a5d996697cbb7919dd87103b730a693,7825040000000000,21000,40080230338,0
14463988,2022-03-26 20:34:44,0x1f6bd58b8ac1588f9884ebfeeee812e674aa502e1eb9e2f90a78b6fc8542b060,0x401230d64a5d996697cbb7919dd87103b730a693,0xa0b86991c6218b36c1d19d4a2e9eb0ce3606eb48,0,66836,28765489680,0
14463997,2022-03-26 20:36:22,0x62ed9a33fe1f025a65f62c0e29d97ce861fe0f0fff0ce9bd428b409c35c498d3,0x401230d64a5d996697cbb7919dd87103b730a693,0xa0b86991c6218b36c1d19d4a2e9eb0ce3606eb48,0,66836,22364990304,0
14464080,2022-03-26 20:53:07,0x3706af4c5b3ea2082a4a28db816f3f55096f58d4bf41e87fad40b96728107b32,0x401230d64a5d996697cbb7919dd87103b730a693,0xa0b86991c6218b36c1d19d4a2e9eb0ce3606eb48,0,66836,27149773176,0
14464404,2022-03-26 22:10:04,0x9095891037e322b8337c21b480ab8faabe424ae31e3f9b0d1d4b6ba6bc2c4dcf,0x401230d64a5d996697cbb7919dd87103b730a693,0xa0b86991c6218b36c1d19d4a2e9eb0ce3606eb48,0,99244,28090091365,0
14464453,2022-03-26 22:21:48,0x4832a47f4dc9ebf3242de63ffa31206763ef782159f4c7f2340cfbaa2a83c0d5,0x401230d64a5d996697cbb7919dd87103b730a693,0x3051e1510f965321efd66617fbbdb629530d4fcb,8161473637643115,21000,25151318890,0
16810669,2023-03-12 08:11:11,0xd6a35b21494da7aeb780a6e141614b4fe08b451318983228e05609c4466e573b,0x401230d64a5d996697cbb7919dd87103b730a693,0x620bc0d74d97981959f3996bfd6ed72fa639e74c,5416032303310000,21000,19170421651,0
17065606,2023-04-17 09:27:47,0xb4fd2ef844519e1960b9bd1d82ebe4c26657bef4ad9fbcc93e48c3414b58c6ed,0x401230d64a5d996697cbb7919dd87103b730a693,0xe66b31678d6c16e9ebf358268a790b763c133750,186654351145329000,199130,30296674552,0
17065751,2023-04-17 09:56:47,0x9203f40c114cb6979e4e5fb711901a8ef6ffaf6ad002b576d81470c717bd1e45,0x401230d64a5d996697cbb7919dd87103b730a693,0xb1d3167d1bee8fd32f1300f370fab662dea95199,5656231527666232,21000,28872150189,0
17121972,2023-04-25 08:04:23,0x28caa0ae847c5b1fb668e3b7d6b93855de5a04709b82cac52d1368da52212db3,0x401230d64a5d996697cbb7919dd87103b730a693,0xb1d3167d1bee8fd32f1300f370fab662dea95199,145906564846031000,21000,40029913328,0
17190782,2023-05-05 00:10:35,0x0f7a0a86225e0a4eab737cb12bd5383a7497e8f9fec283d7fedec4d997d5d681,0x401230d64a5d996697cbb7919dd87103b730a693,0x620bc0d74d97981959f3996bfd6ed72fa639e74c,140352991820112000,21000,73275513639,0
17617685,2023-07-04 02:46:47,0x5e19a3247b21748463ad970f40eb3ac10afda162328424c550b8720a83b004cc,0x401230d64a5d996697cbb7919dd87103b730a693,0xdef1c0ded9bec7f1a1670819833240f027b25eff,57203574213581000,140054,22976865100,0
17617724,2023-07-04 02:54:35,0x2a49e25d09f114765cbe26e19a9f462a8947631001116ae1d1186079919ce831,0x401230d64a5d996697cbb7919dd87103b730a693,0xdef1c0ded9bec7f1a1670819833240f027b25eff,7564045230946280000,453165,17772281595,0
17617970,2023-07-04 03:44:35,0x758bd1a8f50e3727b66cc350305023bbd5ecf6041bc51c285fc5cc4beea3c980,0x401230d64a5d996697cbb7919dd87103b730a693,0xdef1c0ded9bec7f1a1670819833240f027b25eff,16061102715298575,134276,15551683889,0
17619476,2023-07-04 08:49:23,0xb116ea59c0d9316658c943d196a0dbc9ecfcd66dd99e327eb9088bc155e169a0,0x401230d64a5d996697cbb7919dd87103b730a693,0x95ad61b0a150d79219dcf64e1e6cc01f0b64c4ce,0,51206,16416036878,0
17637441,2023-07-06 21:21:35,0x8e8d7cee0b12ffe60722be571f1f61d8415065a9777f5d2d79d623facf54e53c,0x401230d64a5d996697cbb7919dd87103b730a693,0xdef1c0ded9bec7f1a1670819833240f027b25eff,5049498372200900000,307013,30368131447,0
17638392,2023-07-07 00:33:47,0x193b6c738c3c4ffac5e1c2fbc3e5edafb86d768ca5291b1b4859299591c96428,0x401230d64a5d996697cbb7919dd87103b730a693,0xdef1c0ded9bec7f1a1670819833240f027b25eff,185561898534515550,150492,34617190074,0
17640805,2023-07-07 08:41:35,0xf4346b3d68ad3b853d0c35f727711dea7861c559cf214dc022738f9dd334a914,0x401230d64a5d996697cbb7919dd87103b730a693,0x03f7724180aa6b939894b5ca4314783b0b36b329,0,209027,27849291465,1
17640908,2023-07-07 09:02:11,0xb4c300ffa8c7da315332cc643375fc7a8f2dab08ecedebb3b7dc4891353822fa,0x401230d64a5d996697cbb7919dd87103b730a693,0x03f7724180aa6b939894b5ca4314783b0b36b329,0,194971,24642620529,0
17841977,2023-08-04 13:40:23,0xcac8c45385142cf6c3b2287bd31cf229284d716e1aa6051ff53a99e6cd525d06,0x401230d64a5d996697cbb7919dd87103b730a693,0x9813037ee2218799597d83d4a5b6f3b6778218d9,0,51183,31964298373,0
17924706,2023-08-16 03:27:11,0x0389a3e2aec3e3604d883d571f4715f873ecc4ffe137a345173cc2995333d6fe,0x267be1c1d684f78cb4f6a176c4911b741e4ffdc0,0x401230d64a5d996697cbb7919dd87103b730a693,1571760000000000000,21000,21510893992,0
17924719,2023-08-16 03:29:47,0x47a67bd1852ce639ceeb312036cd7802e3acdcc92e75447fc3d715137a9ceb8f,0x401230d64a5d996697cbb7919dd87103b730a693,0xdef1c0ded9bec7f1a1670819833240f027b25eff,1367828135130477000,151482,20512827616,0
17927560,2023-08-16 13:01:59,0xd5d2fd218fcfd7b01c1d8c4804ed1e1f678c10b5cf1d6443e7059b4cae30b146,0x401230d64a5d996697cbb7919dd87103b730a693,0xdef1c0ded9bec7f1a1670819833240f027b25eff,164451144305880000,131470,34577663310,1
17927600,2023-08-16 13:09:59,0xd29353c22356ecaab0d9f4d4d634960adac082a6f55adbf3fcea5bc9f98cb0f4,0x401230d64a5d996697cbb7919dd87103b730a693,0xdef1c0ded9bec7f1a1670819833240f027b25eff,164576093128140000,118542,31688861743,0
17929925,2023-08-16 20:59:11,0xc6f5be03a4efb5ce9e666e33a3f5f9ce4890b9a571c1f54fbb7c2aecbfe610bb,0x267be1c1d684f78cb4f6a176c4911b741e4ffdc0,0x401230d64a5d996697cbb7919dd87103b730a693,550000000000000000,21000,47584256965,0
17930011,2023-08-16 21:16:23,0x156fea5628b8576fa63ae5e4a2f2392769054eef4f8a3451fd2f584b146eb4dd,0x401230d64a5d996697cbb7919dd87103b730a693,0xdef1c0ded9bec7f1a1670819833240f027b25eff,443531508755589170,118528,62265945941,0
17984024,2023-08-24 10:39:47,0xb355321595d308ffd8dae21dade4d067db45c53d4c7bec058402e0fb02dac5a7,0x401230d64a5d996697cbb7919dd87103b730a693,0x95ad61b0a150d79219dcf64e1e6cc01f0b64c4ce,0,53999,16574306530,0
17984024,2023-08-24 10:39:47,0xd5598521bed3fcd96132bdd926cca157213611b54310aa0928e37b8c563cd481,0x401230d64a5d996697cbb7919dd87103b730a693,0xdef1c0ded9bec7f1a1670819833240f027b25eff,0,194557,16574306530,0
17993358,2023-08-25 18:00:47,0xc9ddbb1bd037abb0ac43d6700fffa2e5a0c69583797cc513783a0331188b72e6,0x401230d64a5d996697cbb7919dd87103b730a693,0x32b86b99441480a7e5bd3a26c124ec2373e3f015,0,54020,36374370691,0
17993358,2023-08-25 18:00:47,0x2ed7e5aa47e4485e7ccf61c6f92707fd7192ccf337930066703214c0c5808fcd,0x401230d64a5d996697cbb7919dd87103b730a693,0xdef1c0ded9bec7f1a1670819833240f027b25eff,0,439766,36374370691,0
18264400,2023-10-02 17:40:23,0xb6f24a1c72d37ab087c4136f4ca1b0eb42e24314ea2705452d091446ce0c60f1,0x401230d64a5d996697cbb7919dd87103b730a693,0xdef1c0ded9bec7f1a1670819833240f027b25eff,0,236417,42853772739,0
18265566,2023-10-02 21:34:11,0x49e3a35622509b94f5b20bae0abe3cfad83e2d67ecbd2130008fc8ae0af5e77c,0x401230d64a5d996697cbb7919dd87103b730a693,0xdef1c0ded9bec7f1a1670819833240f027b25eff,0,236381,14573814313,0
18287962,2023-10-06 00:44:23,0x7d34ed9588ce8c2be7e6aea682b4fe31fb3cbd7a332807d6631b6d63e01af634,0x401230d64a5d996697cbb7919dd87103b730a693,0x9813037ee2218799597d83d4a5b6f3b6778218d9,0,53974,6061142078,0
18287962,2023-10-06 00:44:23,0xb0a33ac12ac2bf66c9a73353b35e7bf9cc9224e3ea3bfc92e32f8cb3b1fa236e,0x401230d64a5d996697cbb7919dd87103b730a693,0xdef1c0ded9bec7f1a1670819833240f027b25eff,0,471920,6061142078,0
18288219,2023-10-06 01:36:11,0xcb69425ef19d55a569c63d93b7981ab82b7ce5f2e5d403907813e7de14a3d071,0x401230d64a5d996697cbb7919dd87103b730a693,0xdef1c0ded9bec7f1a1670819833240f027b25eff,0,181877,6291026616,0
18288478,2023-10-06 02:28:11,0x04731613a6cf84c50f4346293a626f6fd7797eb42e5bc1c7452db1baed910c76,0x401230d64a5d996697cbb7919dd87103b730a693,0xdef1c0ded9bec7f1a1670819833240f027b25eff,0,142052,5879959134,0
18288568,2023-10-06 02:46:11,0xb0daac3d25c79fb0e212146b76f85238d7606909009f64aabc4818b616791955,0x401230d64a5d996697cbb7919dd87103b730a693,0xdef1c0ded9bec7f1a1670819833240f027b25eff,0,142052,5964572084,0
18293002,2023-10-06 17:38:59,0x9fa23c9e398e5822699b7f71f6ce4d864f37aaccbcdfb4a242b2cb09a9d2991d,0x401230d64a5d996697cbb7919dd87103b730a693,0xdef1c0ded9bec7f1a1670819833240f027b25eff,567473166409237000,339304,9727552053,0
18293081,2023-10-06 17:54:59,0xe3460d605552d6b7134825ed49c5451fc102b249d1bf191a86e9383bdcdc7311,0x401230d64a5d996697cbb7919dd87103b730a693,0xdef1c0ded9bec7f1a1670819833240f027b25eff,0,205648,9704689319,0
18298388,2023-10-07 11:44:11,0xb4fe033d5f00002d4417cfdf0f0698069bcef6afe8ef2bec27f87e1d50740b37,0x401230d64a5d996697cbb7919dd87103b730a693,0xa0b86991c6218b36c1d19d4a2e9eb0ce3606eb48,0,70507,5462471939,0
18298388,2023-10-07 11:44:11,0x3985861c2610a48c4125e0d020a439cc6976c1c8164e7d3ee28ed5814227b66d,0x401230d64a5d996697cbb7919dd87103b730a693,0xdef1c0ded9bec7f1a1670819833240f027b25eff,0,232506,5462471939,0
18299318,2023-10-07 14:51:11,0x8b3b612b8d5f895772f7415593b9eee7f3c534325b4225163c5964631c58b93a,0x401230d64a5d996697cbb7919dd87103b730a693,0xdef1c0ded9bec7f1a1670819833240f027b25eff,0,206560,6838132456,0
18299591,2023-10-07 15:45:59,0xb0b5f8ce87a442f7da4e9ec3a572c1472f8fc98eae1dee96ef084129ee91f4cf,0x401230d64a5d996697cbb7919dd87103b730a693,0xdef1c0ded9bec7f1a1670819833240f027b25eff,0,243376,6734994998,0
18301522,2023-10-07 22:14:11,0x03c88b066fece527c7284abf7c2662bf786e191bdb693f9a45a73b7f6cea61c1,0x401230d64a5d996697cbb7919dd87103b730a693,0xdef1c0ded9bec7f1a1670819833240f027b25eff,0,117151,6274871893,0
18306565,2023-10-08 15:10:47,0x72d1f02ff879dbabfa99b34ff093350d512fba88dd59d3c6f235bbc348c75209,0x401230d64a5d996697cbb7919dd87103b730a693,0xdef1c0ded9bec7f1a1670819833240f027b25eff,0,199594,9315644547,0
18318343,2023-10-10 06:44:11,0x9b4103e00429c16d40898224560e247e2e84213bc068dce1405af081f6f8f6ab,0x401230d64a5d996697cbb7919dd87103b730a693,0xdef1c0ded9bec7f1a1670819833240f027b25eff,0,211868,5397285179,0
18328232,2023-10-11 15:55:35,0xc15f9fbe830597cff8745a8cbc122e9a45cd17669fc34b2b6bc077413c37227f,0x401230d64a5d996697cbb7919dd87103b730a693,0xdef1c0ded9bec7f1a1670819833240f027b25eff,0,244547,8526698863,0
18330308,2023-10-11 22:56:23,0x7ed23e92f36e06187a0c784f0c17fa2eccfe87b6a628186b62b8216c873e4ada,0x401230d64a5d996697cbb7919dd87103b730a693,0xdef1c0ded9bec7f1a1670819833240f027b25eff,0,240288,6220121292,0
18330831,2023-10-12 00:41:47,0xac5f849cc01ba90ca5748fa7780ba5086cc4e1a97485514552e0a9de4c71807c,0x401230d64a5d996697cbb7919dd87103b730a693,0xdef1c0ded9bec7f1a1670819833240f027b25eff,0,241454,5378477554,0
18335500,2023-10-12 16:22:23,0x98593be6899b9a835a4a6b71beb27262058cc0b9379826af4a5711f60f6d5f87,0x401230d64a5d996697cbb7919dd87103b730a693,0xdef1c0ded9bec7f1a1670819833240f027b25eff,0,211868,12555605035,0
18335549,2023-10-12 16:32:23,0xe74b9a76b4f895f3fd29e15c379294a08b1290e807129aacfa3750e8e6db7299,0x401230d64a5d996697cbb7919dd87103b730a693,0xdef1c0ded9bec7f1a1670819833240f027b25eff,0,243443,18980208477,0
18341233,2023-10-13 11:39:59,0x412863fadf08f516403365d5eb29a0c4edfa601db8acc8215ffdaf2ab2929f60,0x401230d64a5d996697cbb7919dd87103b730a693,0xdef1c0ded9bec7f1a1670819833240f027b25eff,0,244682,7212162395,0
18341465,2023-10-13 12:26:35,0xd8af6fcd6f44a51ce70b65ee2eb8d6ed0360fc1400da446302067e7ef6dd7a0b,0x401230d64a5d996697cbb7919dd87103b730a693,0xdef1c0ded9bec7f1a1670819833240f027b25eff,0,318728,8819189003,0
18342691,2023-10-13 16:34:23,0x555995086246f4e4143877cd8fff3bf91111018b4b24d256e8e30be85f82bcf6,0x401230d64a5d996697cbb7919dd87103b730a693,0xdef1c0ded9bec7f1a1670819833240f027b25eff,0,244481,11778905732,0
18343597,2023-10-13 19:36:11,0xfb74399e58d18e125ca18101a01b1dcedd45b9e0b4515ee242c468db1316a35c,0x401230d64a5d996697cbb7919dd87103b730a693,0xa0b86991c6218b36c1d19d4a2e9eb0ce3606eb48,0,82688,6177618346,0
18343656,2023-10-13 19:47:59,0x8ec2ccbfc0bbc4a225d189ec6543383fee234526ae97e7979ce66c8d2f3fbe67,0x401230d64a5d996697cbb7919dd87103b730a693,0xa0b86991c6218b36c1d19d4a2e9eb0ce3606eb48,0,60990,7907039019,0
18343915,2023-10-13 20:40:35,0xdee3fbe5e85313930a855a655efe7959a02419d4d87cc005a6810f2bc0ce3f91,0x401230d64a5d996697cbb7919dd87103b730a693,0x620bc0d74d97981959f3996bfd6ed72fa639e74c,1295240315650000000,21000,8163560692,0
18348746,2023-10-14 12:53:59,0x57a2abc864343e2b034e9c86069c018ace46d126e985a9dc642d02cc409549c4,0x401230d64a5d996697cbb7919dd87103b730a693,0xdef1c0ded9bec7f1a1670819833240f027b25eff,322850381447750000,130998,5549479051,0
18348831,2023-10-14 13:10:59,0xfe06eb512798506125537e124b1e4e172787350686ea7f1593b38d4a134af04e,0x401230d64a5d996697cbb7919dd87103b730a693,0xdef1c0ded9bec7f1a1670819833240f027b25eff,645196672075565400,130998,5064366269,0
18349004,2023-10-14 13:45:47,0x4631faf8504ca872a7368232bd80dd56801df0d7bcf4369f3f8072ee583a445e,0x401230d64a5d996697cbb7919dd87103b730a693,0xdef1c0ded9bec7f1a1670819833240f027b25eff,644502234811500000,130984,5478804313,0
18349400,2023-10-14 15:05:59,0x02b0f61a0a68e1df5337b4a54b401bb6b2c2d5e8167ed2a7c2409835c64ec18e,0x401230d64a5d996697cbb7919dd87103b730a693,0xdef1c0ded9bec7f1a1670819833240f027b25eff,64532990878261740,130984,6641536062,0
18349713,2023-10-14 16:08:35,0x8acc7f43116f6f4d197c22ad9d6e3d24f6adf005b74d07779fb9ddca35d87032,0x401230d64a5d996697cbb7919dd87103b730a693,0xdef1c0ded9bec7f1a1670819833240f027b25eff,64254344396860540,131470,6244512842,0
18350121,2023-10-14 17:30:23,0x2c79d4d97c6a4eebc1acde8b13f987a49a5ddafee70d0291ff0c19ab004ba814,0x401230d64a5d996697cbb7919dd87103b730a693,0xdef1c0ded9bec7f1a1670819833240f027b25eff,64253105834500000,118528,6630622204,0
18360656,2023-10-16 04:50:11,0x7200e92d28db83a2eb0a38c34fc393d0779a5c698c8984384e872c390af869af,0x401230d64a5d996697cbb7919dd87103b730a693,0xdef1c0ded9bec7f1a1670819833240f027b25eff,0,239631,5647916097,0
18361515,2023-10-16 07:42:23,0x9fe6e7af6b3030947276499a9594542c5260b42cfc45b8f451fd16375939ef40,0x401230d64a5d996697cbb7919dd87103b730a693,0xdef1c0ded9bec7f1a1670819833240f027b25eff,316181538792300000,130998,5445783204,0
18373860,2023-10-18 01:07:11,0x3994574e2e87ade1505ab3ff082a376e789764378034de37e91d7fb842ce079d,0x401230d64a5d996697cbb7919dd87103b730a693,0xdef1c0ded9bec7f1a1670819833240f027b25eff,0,268014,6174307957,0
18384097,2023-10-19 11:32:11,0xfe1664be8c9b5fb0a4fd82d0cf58a74ff1e1e48aa4991280775a7d749f524982,0x401230d64a5d996697cbb7919dd87103b730a693,0xdef1c0ded9bec7f1a1670819833240f027b25eff,0,232338,6022967589,0
18384528,2023-10-19 12:59:11,0x4cb3d9cbb6378c6e371473711a658f31f52dcea2375d49b9fde95c29759cc08e,0x401230d64a5d996697cbb7919dd87103b730a693,0xdef1c0ded9bec7f1a1670819833240f027b25eff,0,280540,13204935136,0
18393214,2023-10-20 18:06:47,0xd9a57a6dad676560456e54cad4e1d638a418c2eed9fbc14bb7e27a036130dd21,0x401230d64a5d996697cbb7919dd87103b730a693,0xdef1c0ded9bec7f1a1670819833240f027b25eff,0,211868,18106402186,0
18402874,2023-10-22 02:31:23,0x8e35a872bcad4ee69f533fab0b2af5f1b756e63952da21ae6e9f19b3a07cc683,0x401230d64a5d996697cbb7919dd87103b730a693,0xdef1c0ded9bec7f1a1670819833240f027b25eff,0,199608,7157486858,0
18410736,2023-10-23 04:55:47,0xebfed0bb9342a12e879845df6a00920d3b2b9f32ae34f8668fe0399524684cbb,0x401230d64a5d996697cbb7919dd87103b730a693,0xa0b86991c6218b36c1d19d4a2e9eb0ce3606eb48,0,82688,8320963438,0
18412707,2023-10-23 11:35:35,0x6112ae7d5e5054096ccb73fa1e6cb92fad18c7a096f193db8acd553f3fafc3d0,0x401230d64a5d996697cbb7919dd87103b730a693,0xdef1c0ded9bec7f1a1670819833240f027b25eff,0,211882,10104709721,0
18417798,2023-10-24 04:40:59,0xe98004848564a7f68b9472bb1b69e4c3da2bdc41dea18846cc07448251073040,0x401230d64a5d996697cbb7919dd87103b730a693,0xdef1c0ded9bec7f1a1670819833240f027b25eff,0,260091,18631949646,0
18418058,2023-10-24 05:32:59,0xf24dfd35a9feee8e91488e8e769016193c2d1b7c3cd49fe36f4723f052f330cd,0x401230d64a5d996697cbb7919dd87103b730a693,0xdef1c0ded9bec7f1a1670819833240f027b25eff,0,211882,14467551022,0
18420762,2023-10-24 14:37:59,0x2b1820186ad49f615ab62cd4c9066be5395e3af815df500467bbead8a9d180f9,0x401230d64a5d996697cbb7919dd87103b730a693,0xdef1c0ded9bec7f1a1670819833240f027b25eff,0,240705,32579941374,0
18420976,2023-10-24 15:21:11,0xa69fd80ba2ee3bac9f46821e06e1a920859d3c84fb66f7f8b7125d607febc798,0x401230d64a5d996697cbb7919dd87103b730a693,0xdef1c0ded9bec7f1a1670819833240f027b25eff,0,199608,34447559456,0
18422007,2023-10-24 18:49:23,0x83fe3f99dfb9d8d0a0770e736558167f2a29b8c9c4bcc3b40b95fe1f47a51909,0x401230d64a5d996697cbb7919dd87103b730a693,0xdef1c0ded9bec7f1a1670819833240f027b25eff,0,211896,22052794238,0
18426724,2023-10-25 10:42:11,0x18374056f4a7dbc5ba4bf166073c97728df08a9db426d6388066ea9f0825d942,0x401230d64a5d996697cbb7919dd87103b730a693,0xdef1c0ded9bec7f1a1670819833240f027b25eff,0,168353,13279642956,0
18452574,2023-10-29 01:30:11,0xa3288a457f30bf8c1e476a5ac61b0c90a4b02d676091d432c0ccda80c3f1c1a3,0x401230d64a5d996697cbb7919dd87103b730a693,0xdef1c0ded9bec7f1a1670819833240f027b25eff,0,142052,9621008158,0
18462106,2023-10-30 09:33:23,0x7a79a2aa40e55a26eb12f4631d82788018dd72c34bd3b76b97bb530734cf3702,0x401230d64a5d996697cbb7919dd87103b730a693,0xdef1c0ded9bec7f1a1670819833240f027b25eff,93129252446018000,130998,15456261121,0
18470132,2023-10-31 12:32:59,0x8bf18d8a155ad91e70e49441f3a5431cb9307ea455ff6ff5a10d4aba3552ca03,0x401230d64a5d996697cbb7919dd87103b730a693,0xdef1c0ded9bec7f1a1670819833240f027b25eff,277069710739200000,130984,27063981583,0
18477512,2023-11-01 13:20:47,0x7c9aad34f24306323c482ee7615a0cd3e267da4c2accea002582266cf89c6332,0x401230d64a5d996697cbb7919dd87103b730a693,0xdfc0ca2daa88522e67cc3133719c9a590545348e,275491959767154200,21000,31908525497,0
18478163,2023-11-01 15:30:59,0x15a0ab49b5933709d4a3876d2f3f8f650bddbe40aa78ae000c57a613867b04b3,0x401230d64a5d996697cbb7919dd87103b730a693,0xdef1c0ded9bec7f1a1670819833240f027b25eff,278920577365595170,131012,30570273490,0
18478403,2023-11-01 16:19:35,0x44c0840511609cb67b05e84f30d64d26143a85de8382651e71aff596255e8a14,0x401230d64a5d996697cbb7919dd87103b730a693,0xdef1c0ded9bec7f1a1670819833240f027b25eff,278428992254100000,136425,35477293334,0
18478469,2023-11-01 16:32:47,0x2c9e77cf449ef9f812ed55ae1e79f1fc4b934231c32b00b9a7399e7a34b6e408,0x401230d64a5d996697cbb7919dd87103b730a693,0xdef1c0ded9bec7f1a1670819833240f027b25eff,166730580055688030,130998,31876864634,0
18530136,2023-11-08 22:11:23,0x01d1128b1cf079539422bef0e66653781f670cfc4b9e5e20566ece1bbf5fbc5d,0x401230d64a5d996697cbb7919dd87103b730a693,0xdef1c0ded9bec7f1a1670819833240f027b25eff,0,244793,40476867015,0
18530148,2023-11-08 22:13:47,0x63f6cde4c1d178a8ea2769b01047e83bdc2f31c89da6818bd92a6c39ba69cb11,0x401230d64a5d996697cbb7919dd87103b730a693,0xdef1c0ded9bec7f1a1670819833240f027b25eff,0,142052,38637175416,0
18534431,2023-11-09 12:36:59,0x549b11ee91830bb1c127a6455fa02a38fcf7d9a8502d948bc191123f6f262984,0x401230d64a5d996697cbb7919dd87103b730a693,0x620bc0d74d97981959f3996bfd6ed72fa639e74c,1566698261748278500,21000,37397037587,0
18538863,2023-11-10 03:28:35,0x6e4e9c93e32117f45f70f899ccd45522acbf35e8b79cdde4698dc525a730ce1a,0x401230d64a5d996697cbb7919dd87103b730a693,0xdef1c0ded9bec7f1a1670819833240f027b25eff,1419117403582798500,307077,37294648434,0
18546711,2023-11-11 05:49:47,0x37cf568ded34e9b1fa1a3718ca7522872acef5e6c675fa24b2ae4cc5c1dd423f,0x401230d64a5d996697cbb7919dd87103b730a693,0xa0b86991c6218b36c1d19d4a2e9eb0ce3606eb48,0,82703,20169777158,0
18546866,2023-11-11 06:20:59,0xa4f3a25a0bfcdb799450dc31bfb49bb7f897ef4d2e52b1d7465bfab260564195,0x401230d64a5d996697cbb7919dd87103b730a693,0x620bc0d74d97981959f3996bfd6ed72fa639e74c,1460728319139923200,21000,21993997638,0
18548670,2023-11-11 12:24:23,0xf358ba1f5e37b014e3748262168a4c5a3ba2690fbe9153fb915bf6d9a578abf1,0x401230d64a5d996697cbb7919dd87103b730a693,0xdef1c0ded9bec7f1a1670819833240f027b25eff,169749231884715000,328819,19783601670,0
18550210,2023-11-11 17:34:47,0x87d340006ce73ef4933775bc71af3fa76fc04e44737a66c5e57694379ff89ea2,0x401230d64a5d996697cbb7919dd87103b730a693,0xdef1c0ded9bec7f1a1670819833240f027b25eff,0,203477,39389959046,0
18555408,2023-11-12 11:02:59,0x86c5d341f94787e6154f306777c1e3eae083efeb5dbb0968b2e546c87bcf523b,0x401230d64a5d996697cbb7919dd87103b730a693,0xdef1c0ded9bec7f1a1670819833240f027b25eff,1480796291193046800,339304,25923613564,0
18562535,2023-11-13 10:58:23,0x31339c7862ebc34fa530293742edaaaf77bf59dc119c34943e6216f23535683a,0x401230d64a5d996697cbb7919dd87103b730a693,0xdef1c0ded9bec7f1a1670819833240f027b25eff,0,324213,35378382523,0
18573007,2023-11-14 22:04:35,0x667c9d4273eee0bc34d418bb504e8f804d1cf17c3c13f0cb2be2859dcbebe2be,0x401230d64a5d996697cbb7919dd87103b730a693,0xdef1c0ded9bec7f1a1670819833240f027b25eff,0,324185,34966610996,1
18573047,2023-11-14 22:12:35,0xff01792f0778948ccb959faee119a50f91f92c53d96589eaca3a3bfbe13becea,0x401230d64a5d996697cbb7919dd87103b730a693,0xdef1c0ded9bec7f1a1670819833240f027b25eff,0,401348,33851922280,0
18698796,2023-12-02 12:43:47,0xc2300b724fb801ce7f5e5167ad4949b8a0b82f00fb9e7f795560391dba263ce3,0x401230d64a5d996697cbb7919dd87103b730a693,0xdef1c0ded9bec7f1a1670819833240f027b25eff,0,318784,30962361017,0
18760842,2023-12-11 05:21:11,0x5b0fb0669d0f5ba5889a631e14db71090f636946a71e5c6c97f81ae9fee12049,0x401230d64a5d996697cbb7919dd87103b730a693,0x401230d64a5d996697cbb7919dd87103b730a693,267245699014531500,21000,20285152386,0
18760996,2023-12-11 05:52:23,0x315b4acd250dac5e5c6062d4d47cfe2fd22f92b707b87b2ac672fc45a959fd0a,0x401230d64a5d996697cbb7919dd87103b730a693,0x620bc0d74d97981959f3996bfd6ed72fa639e74c,267531089342007300,21000,30392482346,0
18778435,2023-12-13 16:27:47,0xe55de11ac0aeef1b6294652bbaf0942b98d63a76f33c54c47a244336addd6c75,0x401230d64a5d996697cbb7919dd87103b730a693,0x6982508145454ce325ddbe47a25d4ec3d2311933,0,56007,56177219127,0
18778435,2023-12-13 16:27:47,0x941fd15b59ead7de4801b52b678d703eb368ba15e3d84e7f02db07d5dc8fe9d4,0x401230d64a5d996697cbb7919dd87103b730a693,0xdef1c0ded9bec7f1a1670819833240f027b25eff,0,488604,56177219127,0
18786832,2023-12-14 20:43:35,0x6bb26b486b057af03ad8f91063c7232e7be4352c0f3d66944aa30f51014f74fb,0x401230d64a5d996697cbb7919dd87103b730a693,0xdef1c0ded9bec7f1a1670819833240f027b25eff,0,567076,51348049685,0
18806592,2023-12-17 15:19:35,0x46da6f43f69148b4b8804786040399e78f2487e734e4b599d48adfd69ebbf857,0x401230d64a5d996697cbb7919dd87103b730a693,0x620bc0d74d97981959f3996bfd6ed72fa639e74c,90427564130098140,21000,40789017556,0
18820573,2023-12-19 14:25:35,0xe9780a20adafc98b20f4c722ae3686793b088fc25c7f474c3c2d16f0cfb68e8d,0x401230d64a5d996697cbb7919dd87103b730a693,0x03f7724180aa6b939894b5ca4314783b0b36b329,0,230271,53857257600,1
18820587,2023-12-19 14:28:23,0x79c904d9455845489e0f6941ec6204c7ee377cf725be33a7355e0fe24e7adbf7,0x401230d64a5d996697cbb7919dd87103b730a693,0x03f7724180aa6b939894b5ca4314783b0b36b329,0,230271,57758005618,0
18821060,2023-12-19 16:03:47,0xc728579311cb3b6e314ce7587d75926170364027b611102eea48c6f838774628,0x401230d64a5d996697cbb7919dd87103b730a693,0xa0b86991c6218b36c1d19d4a2e9eb0ce3606eb48,0,60990,72174117022,0
18893192,2023-12-29 19:04:59,0x5da9a73bc3d058136ceca749ebf72b7d256626d199fdd4313cd8421453663121,0x401230d64a5d996697cbb7919dd87103b730a693,0x03f7724180aa6b939894b5ca4314783b0b36b329,0,128229,23021174389,0
18916083,2024-01-02 00:16:47,0x52ed2a291cd55a5db5bc430ee58c8effd9874e87c87c93dcc7414e8908f2049e,0x401230d64a5d996697cbb7919dd87103b730a693,0xdef1c0ded9bec7f1a1670819833240f027b25eff,0,318561,16105832781,0
18916145,2024-01-02 00:29:11,0x07e8f33b89f42a1df588ba33b44f483095e15826338ea9110f594c56b59a95d2,0x401230d64a5d996697cbb7919dd87103b730a693,0xdef1c0ded9bec7f1a1670819833240f027b25eff,0,344661,17105749529,0
18916151,2024-01-02 00:30:23,0xccae61b276553f00b0d79954855a51586a72e39fb3803abf8c6530cdd085e362,0x401230d64a5d996697cbb7919dd87103b730a693,0xdef1c0ded9bec7f1a1670819833240f027b25eff,0,168273,16657459646,0
18916190,2024-01-02 00:38:35,0xcf047cd698c8ad2a2d1d7ebddbb6d329de250263e3a943373a3a4a707aabf23a,0x401230d64a5d996697cbb7919dd87103b730a693,0x620bc0d74d97981959f3996bfd6ed72fa639e74c,9275128994978237368,21000,14503276826,0
19686818,2024-04-19 03:29:47,0x4ae288720f804e87dad90a68f619b06ed9403107ab8d69252563006911330c36,0x401230d64a5d996697cbb7919dd87103b730a693,0xab19d5d8590a7f337b7c2ece83e0733f55fe2dbf,662410000000000000,221668,11330426197,0
19697170,2024-04-20 14:18:23,0xbbf75ce6607521730d216be9b1a3b7d01e7ce7539aef2d268d1b3e14e77ce03b,0x401230d64a5d996697cbb7919dd87103b730a693,0xab19d5d8590a7f337b7c2ece83e0733f55fe2dbf,4930000000000000,199940,8925033285,0
19697218,2024-04-20 14:27:59,0xc2934df0dd8c6cae3ff6cf610491eb239e6ed45bb1f25a92f48671d947968422,0x401230d64a5d996697cbb7919dd87103b730a693,0xab19d5d8590a7f337b7c2ece83e0733f55fe2dbf,650220000000000000,199955,9337751341,0
19798189,2024-05-04 17:19:47,0x701d3b0f427ea118483fa165c42688237bdafc011e883e14dd313413454802d3,0x401230d64a5d996697cbb7919dd87103b730a693,0xab19d5d8590a7f337b7c2ece83e0733f55fe2dbf,680740000000000000,228472,6675638687,0
19832564,2024-05-09 12:43:47,0x04f660746297d5e5cdeaec70b0aa2eafc6d3ec046d7665776dc5f92c7d7627e8,0x401230d64a5d996697cbb7919dd87103b730a693,0xab19d5d8590a7f337b7c2ece83e0733f55fe2dbf,2022010000000000000,239964,5855312634,0
19846067,2024-05-11 10:02:35,0x6167fcb93f6c5cfb29425e29b799beb139a0c53f1a7e7b4be443f28764ec3265,0x401230d64a5d996697cbb7919dd87103b730a693,0xab19d5d8590a7f337b7c2ece83e0733f55fe2dbf,3812520000000000000,239964,5354364261,0
19846274,2024-05-11 10:44:23,0xe57d644601f333aab38752c055fde270b45560617a36f318c62e3d292324e1ec,0x401230d64a5d996697cbb7919dd87103b730a693,0xab19d5d8590a7f337b7c2ece83e0733f55fe2dbf,75440000000000000,239946,5015983067,0
19901159,2024-05-19 02:59:23,0xb7442e1fbc84bce0f7b27b03a49e8561f216acbd6eae42b29195718e95dd6294,0x401230d64a5d996697cbb7919dd87103b730a693,0x1111111254eeb25477b68fb85ed929f73a960582,1276208130402946700,201562,2962549863,1
19901232,2024-05-19 03:14:11,0xcbad54c96b1c9ef305bbb90aab3e73de77f0877c18c27beb7e8c95df4669ebd9,0x401230d64a5d996697cbb7919dd87103b730a693,0xdef1c0ded9bec7f1a1670819833240f027b25eff,1276601177026285300,355646,2875760328,0
19904398,2024-05-19 13:51:59,0xd6702669f6f94b04473cc4e17a68a7b6fec940fdca901a47d603cd6012472f41,0x401230d64a5d996697cbb7919dd87103b730a693,0x1111111254eeb25477b68fb85ed929f73a960582,64831502923900790,181462,3193921689,0
19914899,2024-05-21 01:07:47,0x639c44c8c4dcafbb9c93395ba795ce4a6a85f78c9c3197bead81c202e47274db,0x401230d64a5d996697cbb7919dd87103b730a693,0x6982508145454ce325ddbe47a25d4ec3d2311933,0,51276,15872478560,0
19914899,2024-05-21 01:07:47,0x520232746cd63899dacb2acb6acc8053e7d0d09d5dbb355c6acd79ed6fb0f681,0x401230d64a5d996697cbb7919dd87103b730a693,0x1111111254eeb25477b68fb85ed929f73a960582,0,264627,15872478560,0
19914920,2024-05-21 01:12:11,0xac9a48a637411acc73ee2f45d8fdb103980524ab1bce5bfdcbc1572bf2d24a92,0x401230d64a5d996697cbb7919dd87103b730a693,0x1111111254eeb25477b68fb85ed929f73a960582,50199645346289366,172400,17102595926,0
19914995,2024-05-21 01:27:23,0x108141230c9f5fd5e1ff157465211dc462d73ff7c5c0f564b1ccba62e66599bd,0x401230d64a5d996697cbb7919dd87103b730a693,0x6982508145454ce325ddbe47a25d4ec3d2311933,0,33161,15919182481,0
19914995,2024-05-21 01:27:23,0x2dbd30a07b2c5255adf0abd2d94b57390f53b3c082b7d7a5ce2aeadec9447a1a,0x401230d64a5d996697cbb7919dd87103b730a693,0x1111111254eeb25477b68fb85ed929f73a960582,0,280729,15919182481,1
19915019,2024-05-21 01:32:11,0xd87118c8057bf94a18a9d3980bfd39ace81cfbe2316cfca9833c76ffcfe0086e,0x401230d64a5d996697cbb7919dd87103b730a693,0xdef1c0ded9bec7f1a1670819833240f027b25eff,109489900241000000,340582,17759754908,0
19915721,2024-05-21 03:53:23,0xedc65ae69901528d4ee42b680970890949ef8c1955eab17d8a97242ddaaeb3e3,0x401230d64a5d996697cbb7919dd87103b730a693,0xdef1c0ded9bec7f1a1670819833240f027b25eff,0,348836,11545005290,0
19975097,2024-05-29 11:02:47,0x809b97b1330760f9d658157f7a75e4e9f7a3115e89f441fd5f26da58d983c3bc,0x401230d64a5d996697cbb7919dd87103b730a693,0xdef1c0ded9bec7f1a1670819833240f027b25eff,0,767008,8876317453,0
19976144,2024-05-29 14:34:35,0x9fbc5d3b8f21ba639ec6da85fe71ee45379360999f16564b6ce835045b08c79a,0x46340b20830761efd32832a74d7169b29feb9758,0x401230d64a5d996697cbb7919dd87103b730a693,267880000000000000,350000,21804400496,0
19983850,2024-05-30 16:28:59,0xa64873f79aa9d879de1375f3190a984b37d562206a5b6ffdcfd81951ca729bc0,0x401230d64a5d996697cbb7919dd87103b730a693,0xa0b86991c6218b36c1d19d4a2e9eb0ce3606eb48,0,56711,17461109512,0
19989295,2024-05-31 10:43:23,0x8816dcbfd31282e4fd3bc322bac8dfaac0014dbe253afbc4d7fd71776edc0c4b,0x401230d64a5d996697cbb7919dd87103b730a693,0xdef1c0ded9bec7f1a1670819833240f027b25eff,0,612314,8163733008,0
19992741,2024-05-31 22:17:47,0x91c298d28fcbaa9f30377176081b49c16200a28864ff70059aeb1d12c1914b19,0x401230d64a5d996697cbb7919dd87103b730a693,0x576e2bed8f7b46d34016198911cdf9886f78bea7,0,51276,7212646043,0
19992741,2024-05-31 22:17:47,0xb259a5b9cf5eb829db7a8946e596e39d3dc7c815b25c5913c69e273cb3d323be,0x401230d64a5d996697cbb7919dd87103b730a693,0x1111111254eeb25477b68fb85ed929f73a960582,0,345137,7212646043,0
19998060,2024-06-01 16:07:23,0x79bd2d7e49d3f910885330c68f6c41da046b6cfbffa3520f969755807bda64b6,0x401230d64a5d996697cbb7919dd87103b730a693,0x7039cd6d7966672f194e8139074c3d5c4e6dcf65,0,47534,14230771336,0
19998063,2024-06-01 16:07:59,0x96a2ab12a7b1bb048f72ff435556ca91ddbb50a19c08f3fa07b292612990b154,0x401230d64a5d996697cbb7919dd87103b730a693,0x3fc91a3afd70395cd496c647d5a6cc9d4b2b7fad,0,555284,13615414890,0
19998079,2024-06-01 16:11:11,0x8ea202e883eccbbfca6b8ded4600c7ff035180c709eacdb715a05e16a02fd2db,0x401230d64a5d996697cbb7919dd87103b730a693,0x576e2bed8f7b46d34016198911cdf9886f78bea7,0,46900,13350830645,0
19998081,2024-06-01 16:11:35,0x4e190decc6edb4ad7cb44ffbbf69f647ce32b2b6c4fa02aa5342682ffd50b9b0,0x401230d64a5d996697cbb7919dd87103b730a693,0x3fc91a3afd70395cd496c647d5a6cc9d4b2b7fad,0,361522,12762518002,0
19998157,2024-06-01 16:26:47,0x74a23fec49c27836f37f891e0e38157bf9f5d7001cf6b78837d11c25583018d9,0x401230d64a5d996697cbb7919dd87103b730a693,0xa0b86991c6218b36c1d19d4a2e9eb0ce3606eb48,0,72553,13830043102,0
20001177,2024-06-02 02:32:59,0x28b41459af1ae8bf7582413c7b90ad45659a93af890cb9f927abc5f7fc25a5ea,0x401230d64a5d996697cbb7919dd87103b730a693,0xac72cb852e3980f7c5bc725658d79697de2c497f,1317177709665000,21000,4772379181,0
20001816,2024-06-02 04:41:47,0x936c8d7da9efe2235fdcdf39fee70f88f1de5c0dd48869e4dc51fbf3eb342f68,0x401230d64a5d996697cbb7919dd87103b730a693,0xdef1c0ded9bec7f1a1670819833240f027b25eff,0,654185,5073178540,0
20003780,2024-06-02 11:17:11,0x0e316acc268a62effadbc87ff7ec735000757186fc6fcef746ea549a5330b362,0x401230d64a5d996697cbb7919dd87103b730a693,0xa0b86991c6218b36c1d19d4a2e9eb0ce3606eb48,0,63353,5789684177,0
20003780,2024-06-02 11:17:11,0xe8a776fa5515155de3590c9278364a4ff58f4967a58a77556a876062f980d668,0x401230d64a5d996697cbb7919dd87103b730a693,0x1111111254eeb25477b68fb85ed929f73a960582,0,200219,5789684177,1
20003800,2024-06-02 11:21:11,0x1b6454394637638c8f7a05857d3b9b38e4c8943456fa69003c7dbf4a3cd8b586,0x401230d64a5d996697cbb7919dd87103b730a693,0xdef1c0ded9bec7f1a1670819833240f027b25eff,0,340014,5911090519,0
20010325,2024-06-03 09:12:59,0x3189e651bcbce251153da8c1d7c87a69b00498db042964c0362b017e7e5934e8,0x401230d64a5d996697cbb7919dd87103b730a693,0xdef1c0ded9bec7f1a1670819833240f027b25eff,522806792828600000,407070,14531473899,0
20010481,2024-06-03 09:44:23,0xa89b4ad68d2bac9c81ce4b5df2b0a88bbdc9aa927ed66c514a15ed60adbf3eae,0x401230d64a5d996697cbb7919dd87103b730a693,0xdef1c0ded9bec7f1a1670819833240f027b25eff,445601844267397800,407070,14882837658,0
20010528,2024-06-03 09:53:47,0x0f9249e9b4c97092e7c2b9ef59ed62f3e9e08d11276397b9527d698a2448a799,0x401230d64a5d996697cbb7919dd87103b730a693,0xdef1c0ded9bec7f1a1670819833240f027b25eff,261965606535500000,407056,11848984694,0
20012554,2024-06-03 16:41:23,0x4e44297417a936fef5a3c05e03123ebaf5958751277b0ac59299903175905818,0x401230d64a5d996697cbb7919dd87103b730a693,0xdef1c0ded9bec7f1a1670819833240f027b25eff,106299720033120010,407070,13772547505,0
20025678,2024-06-05 12:38:11,0x40f56679a35227cf81c09701cc1712953e95a7eed20b906baec17bd13c5210e6,0x401230d64a5d996697cbb7919dd87103b730a693,0xab19d5d8590a7f337b7c2ece83e0733f55fe2dbf,0,130375,19386461414,0
20025678,2024-06-05 12:38:11,0x942ec2087517a818cec3be40cd92bd4b3e220eea925c82719ceab321c2208b28,0x401230d64a5d996697cbb7919dd87103b730a693,0xab19d5d8590a7f337b7c2ece83e0733f55fe2dbf,0,130375,19386461414,1
20026827,2024-06-05 16:29:23,0xc857a9386bdc7d9542a3f689821460d82ab7a6f8c0f59dda266244057315ad27,0x401230d64a5d996697cbb7919dd87103b730a693,0x62f03b52c377fea3eb71d451a95ad86c818755d1,0,33816,20897817040,0
20026900,2024-06-05 16:44:11,0xaac259a09c24a2a4b0b1d2c5e1563140a5bf37f3fa64be5f7621d0f802bc2147,0x401230d64a5d996697cbb7919dd87103b730a693,0x7039cd6d7966672f194e8139074c3d5c4e6dcf65,0,100000,19497912744,0
20026905,2024-06-05 16:45:11,0x9156e0bf66166fc2fa9f10065403c28bc21070a20664fe9e660006f6e179d75f,0x401230d64a5d996697cbb7919dd87103b730a693,0xdef1c0ded9bec7f1a1670819833240f027b25eff,0,651602,20014308595,1
20027070,2024-06-05 17:18:11,0xaf97c970aed2bac1f9d81654ef44f4524bf8d583f54bf44d67d06372d72a2134,0x401230d64a5d996697cbb7919dd87103b730a693,0xdef1c0ded9bec7f1a1670819833240f027b25eff,13096959409903396,355748,20216904506,0
20027203,2024-06-05 17:44:47,0x4a72930dc6e3bd1d50fa3590061f25e575640166b080336288eb2f904789c83a,0x401230d64a5d996697cbb7919dd87103b730a693,0x62f03b52c377fea3eb71d451a95ad86c818755d1,0,61381,23195969030,0
20027203,2024-06-05 17:44:47,0xf731c67efddb19e3f794379612c0ebcb1a13d0952536f50ae630e4115beef9c0,0x401230d64a5d996697cbb7919dd87103b730a693,0xdef1c0ded9bec7f1a1670819833240f027b25eff,0,331005,23195969030,0
20028227,2024-06-05 21:10:47,0xbd718acf45b9df0a244a806301bd4f5acaa917f42c5f70f70f50dbcee90fdb15,0x401230d64a5d996697cbb7919dd87103b730a693,0xdef1c0ded9bec7f1a1670819833240f027b25eff,0,331021,22270185463,0
20028243,2024-06-05 21:13:59,0xf67680a3deaa631c79231ada984efa0c8276ac5a19a04c746e9b4c74abe7da31,0x401230d64a5d996697cbb7919dd87103b730a693,0xdef1c0ded9bec7f1a1670819833240f027b25eff,0,567919,23182342020,0
20031921,2024-06-06 09:34:11,0x8faac2695b93db31208ee91a9650c91ea5e29ca19b656e2f1aaa684110a27ec2,0x401230d64a5d996697cbb7919dd87103b730a693,0xebbb75429c3b76eeb003ec59c2bd0af630cf2763,519513579435600000,40007,22817562425,0
20033502,2024-06-06 14:52:35,0x0043bf7808efea232c83b8a5c06d016db20087c3f9f60a8f994ac65fe9dd5068,0x401230d64a5d996697cbb7919dd87103b730a693,0xebbb75429c3b76eeb003ec59c2bd0af630cf2763,650418349082250000,40007,21495409100,0
20056411,2024-06-09 19:39:23,0xb4f77d2f12dea76c295c12f4da519d7bb1850921058fc39f211d411f5d1a7817,0x401230d64a5d996697cbb7919dd87103b730a693,0xb517850510997a34b4ddc8c3797b4f83fad510c4,320616289705190708,210346,8917191865,0
20056657,2024-06-09 20:29:11,0xa4df8976ee7857d443843b4db9208027be0c083608a29f8978c969f115de8cbc,0x401230d64a5d996697cbb7919dd87103b730a693,0xb517850510997a34b4ddc8c3797b4f83fad510c4,240094472286380431,210346,10085492327,0
20056918,2024-06-09 21:21:35,0x99e186144eecc83fdaa251fadd82a6667f6a0b2288853551041fc9f69326365f,0x401230d64a5d996697cbb7919dd87103b730a693,0xb517850510997a34b4ddc8c3797b4f83fad510c4,359309857022439687,276465,7098938952,0
20057595,2024-06-09 23:37:23,0x58f37b17085ed50e9f13d097a1771edb71e0e6e3141356b72a2ffc3e59afcc51,0x401230d64a5d996697cbb7919dd87103b730a693,0xb517850510997a34b4ddc8c3797b4f83fad510c4,50000000000000000,257269,4382792212,0
20057595,2024-06-09 23:37:23,0x576170fccc0ca0107c89305ec51227f9a3687ebe15522db8961419fd51e9d7c2,0x401230d64a5d996697cbb7919dd87103b730a693,0xb517850510997a34b4ddc8c3797b4f83fad510c4,50000000000000000,257269,4382792212,0
20063224,2024-06-10 18:29:23,0xcfc10e15841f759501b73453c47937162475024d5655b758e833f0508661e04d,0x401230d64a5d996697cbb7919dd87103b730a693,0xcf6f65b8925b73d0289bf9c7f088dd57a8040629,0,47528,15755345423,0
20063226,2024-06-10 18:29:47,0x9d8d2205b75410fc20b7229300a5f6b1049c55fed984af7971fefc9f1d75f119,0x401230d64a5d996697cbb7919dd87103b730a693,0xcf6f65b8925b73d0289bf9c7f088dd57a8040629,0,47528,14740587313,0
20063241,2024-06-10 18:32:47,0xfff536c27f45d87769a831b4c3b2a570b84d836c81a3d0672290c25d7423b211,0x401230d64a5d996697cbb7919dd87103b730a693,0xb517850510997a34b4ddc8c3797b4f83fad510c4,0,268284,17538531703,0
20063356,2024-06-10 18:55:59,0xab69cf991036613e33170c671171387eb5d4edde6d7cb932c0903ffee6573296,0x401230d64a5d996697cbb7919dd87103b730a693,0xb517850510997a34b4ddc8c3797b4f83fad510c4,240000000000000000,210318,20925820740,0
20064041,2024-06-10 21:13:11,0xa611c4d77b11a977e25d13afad5de84c64b7767bbb5f5e81ab3bf6cde4c54898,0x401230d64a5d996697cbb7919dd87103b730a693,0xb517850510997a34b4ddc8c3797b4f83fad510c4,59021371408958366,210333,16065358108,1
20064098,2024-06-10 21:24:47,0xb7cc80b4ab768af9370c3f99778dc9e253f78ddd70f412bb3876812e61b50ac8,0x401230d64a5d996697cbb7919dd87103b730a693,0xb517850510997a34b4ddc8c3797b4f83fad510c4,58897933229935548,210333,11771088874,0
20065512,2024-06-11 02:10:11,0x6a18815d25a67beb75fa5d68c21986428e12b0a989941cec7de5cc604bbfbbc5,0x401230d64a5d996697cbb7919dd87103b730a693,0x7039cd6d7966672f194e8139074c3d5c4e6dcf65,0,47594,14048473966,0
20065603,2024-06-11 02:28:23,0x40fe6c15778c24b234346c691a516cece891f0586f8e57e0ed11399a32469841,0x401230d64a5d996697cbb7919dd87103b730a693,0xb517850510997a34b4ddc8c3797b4f83fad510c4,0,401209,22078370407,0
20067913,2024-06-11 10:13:11,0x9de77a6fc8008b5e12bc471c74629ee65c9dee62a8a620564d469f0c7685ace4,0x401230d64a5d996697cbb7919dd87103b730a693,0xa0b86991c6218b36c1d19d4a2e9eb0ce3606eb48,0,56711,12857340752,0
20067913,2024-06-11 10:13:11,0x27ca8f0c2d5046767318cfd4559551761a2247af8f9cec006f3b12ad15a92f8b,0x401230d64a5d996697cbb7919dd87103b730a693,0xa0b86991c6218b36c1d19d4a2e9eb0ce3606eb48,0,56711,12857340752,0
20069151,2024-06-11 14:21:59,0x7749a93e50b2a755156fe004e61c9ca9402315d986d6d659e2ac8f2271b720fb,0x401230d64a5d996697cbb7919dd87103b730a693,0xa0b86991c6218b36c1d19d4a2e9eb0ce3606eb48,0,56910,25944881069,0
20070608,2024-06-11 19:14:23,0xee9edfd10f2ec125d620ee29c6089e819a0628fa1cc938d38d2114a8a7be4a73,0x401230d64a5d996697cbb7919dd87103b730a693,0xb517850510997a34b4ddc8c3797b4f83fad510c4,0,402619,11908834966,1
20070999,2024-06-11 20:33:47,0xb174856b8ec344b06db3b22fdd28d273f22605423fd04b0b1a99aa47552dac29,0x401230d64a5d996697cbb7919dd87103b730a693,0xb517850510997a34b4ddc8c3797b4f83fad510c4,0,412322,13166969486,1
20071000,2024-06-11 20:33:59,0x4e5b04a55594798bf5c9acb372fbd1494e9b5c720e4a895f2789e6104b218bd3,0x401230d64a5d996697cbb7919dd87103b730a693,0xb517850510997a34b4ddc8c3797b4f83fad510c4,0,370759,13094686010,1
20071003,2024-06-11 20:34:35,0x5130fc67c71bc2036c2864f3fad3aa910efdc0d30a463c012ef63df72f8b6e54,0x401230d64a5d996697cbb7919dd87103b730a693,0xb517850510997a34b4ddc8c3797b4f83fad510c4,0,370844,12638610730,0
20071051,2024-06-11 20:44:11,0x50549608e41b286a09aabed1a18facbd875afc771481eb659e3f0850c887cc61,0x401230d64a5d996697cbb7919dd87103b730a693,0xb517850510997a34b4ddc8c3797b4f83fad510c4,0,370803,13332335551,0
20071063,2024-06-11 20:46:35,0x201386a7f76c5eb8800d4c7f664ae0dd2496e0071baa67019b25a64b6e4b9f5d,0x401230d64a5d996697cbb7919dd87103b730a693,0xb517850510997a34b4ddc8c3797b4f83fad510c4,323300031891811362,198717,13468287987,0
20126522,2024-06-19 14:56:47,0x6aa3afd91847492001cf8349d3056b6fd6fa3fd2b50640c444675fc8b2251122,0x401230d64a5d996697cbb7919dd87103b730a693,0x7039cd6d7966672f194e8139074c3d5c4e6dcf65,0,55302,8204727804,0
20126522,2024-06-19 14:56:47,0x064039b2152e08735e269ce84b05fab78c46f3abd07e47198baf1b1d7a226777,0x401230d64a5d996697cbb7919dd87103b730a693,0x1111111254eeb25477b68fb85ed929f73a960582,0,377340,8204727804,0
20126581,2024-06-19 15:08:35,0xe67046923cbade3eedbf9ead3b6bb77174df0d5f0868069c5e0c3871ce8127e9,0x401230d64a5d996697cbb7919dd87103b730a693,0x7039cd6d7966672f194e8139074c3d5c4e6dcf65,0,55302,7798744662,0
20126581,2024-06-19 15:08:35,0xc4eb843e72527e2e556d5ac4c08a84027dc511c9da137e532518645c5595fb0d,0x401230d64a5d996697cbb7919dd87103b730a693,0x1111111254eeb25477b68fb85ed929f73a960582,0,312933,7798744662,0
20126631,2024-06-19 15:18:35,0xd10cd094b1454d7e1411354229b7095105e92a6aced0080fed9e1cf54efa4d55,0x401230d64a5d996697cbb7919dd87103b730a693,0x7039cd6d7966672f194e8139074c3d5c4e6dcf65,0,55302,6899937303,0
20126631,2024-06-19 15:18:35,0x4ccd51c479f228b98a044b24727251fd8db611312e95b1784329bfa86872bc69,0x401230d64a5d996697cbb7919dd87103b730a693,0x1111111254eeb25477b68fb85ed929f73a960582,0,329035,6899937303,0
20126728,2024-06-19 15:38:11,0xc9fdb4ce4c62c08038f9b39492fb4ae79daa75e01e700cd3966e8fbe5499403a,0x401230d64a5d996697cbb7919dd87103b730a693,0x7039cd6d7966672f194e8139074c3d5c4e6dcf65,0,55302,8772434952,0
20126728,2024-06-19 15:38:11,0xda2b95dde06da9470d78b4dfeb5f90053010292d53417e9d54b9bb302af29675,0x401230d64a5d996697cbb7919dd87103b730a693,0x1111111254eeb25477b68fb85ed929f73a960582,0,248525,8772434952,0
20126782,2024-06-19 15:48:59,0x577d78170cb152cb1d05535f3aee59983eddf55055a8b16d6447f9dee677814c,0x401230d64a5d996697cbb7919dd87103b730a693,0x7039cd6d7966672f194e8139074c3d5c4e6dcf65,0,55302,8324315963,0
20126782,2024-06-19 15:48:59,0x1508058d1b2290cc375f781aff93e0f290aeea0d43327c76a14633331b6b883d,0x401230d64a5d996697cbb7919dd87103b730a693,0x1111111254eeb25477b68fb85ed929f73a960582,0,312933,8324315963,0
20127581,2024-06-19 18:29:35,0x325d56118430705537901746042467504012332c679e3fec4f66a0f5de527f83,0x401230d64a5d996697cbb7919dd87103b730a693,0x7039cd6d7966672f194e8139074c3d5c4e6dcf65,0,55302,14723856886,0
20127581,2024-06-19 18:29:35,0xd2c2f820a22b69daf335c68349a8a7305fdd11de0412276e1b50e8968acd776c,0x401230d64a5d996697cbb7919dd87103b730a693,0x1111111254eeb25477b68fb85ed929f73a960582,0,312933,14723856886,0
20132863,2024-06-20 12:13:11,0x8816612dccbfb8c4c2fb59daafbdd89a13eae4624a19a1ef9e8723ea6e2535e3,0x401230d64a5d996697cbb7919dd87103b730a693,0xdef1c0ded9bec7f1a1670819833240f027b25eff,0,496115,30850874109,0
20134651,2024-06-20 18:13:11,0xd35168fdd5884c2b5cf1f07779ba5e31f08385b120d8286c355155f4dc6b0ec1,0x401230d64a5d996697cbb7919dd87103b730a693,0xa0b86991c6218b36c1d19d4a2e9eb0ce3606eb48,0,78847,8718276160,0
20144838,2024-06-22 04:23:35,0x6b93788fc14b99b53956f486d5219caaaa030a7f258a34592251e727f812dbde,0x401230d64a5d996697cbb7919dd87103b730a693,0x1111111254eeb25477b68fb85ed929f73a960582,0,290792,2058592546,0
20155738,2024-06-23 16:59:35,0x16675b367c8c20b4d44557240bcdacd7753be7363ae11c7b4bec1b6133d11f62,0x401230d64a5d996697cbb7919dd87103b730a693,0xdef1c0ded9bec7f1a1670819833240f027b25eff,0,567849,4115673580,0
20160473,2024-06-24 08:52:59,0x67d93844fd79b0f9a39ccef43fc7a424a1499e7b558020ee0abe895c57167b45,0x401230d64a5d996697cbb7919dd87103b730a693,0x1111111254eeb25477b68fb85ed929f73a960582,0,301535,4465759312,0
20177759,2024-06-26 18:49:59,0xdd7314820cb539d22e9aeed5caf072a374766731567bfb37f5316965ccb7a9f3,0x401230d64a5d996697cbb7919dd87103b730a693,0xdef1c0ded9bec7f1a1670819833240f027b25eff,0,493033,6736699667,0
20185588,2024-06-27 21:03:35,0xb8464386280f9ee95be8fe341b94c17a63b6d78e1139e5d7b84faacb3e0ffe43,0x401230d64a5d996697cbb7919dd87103b730a693,0x1111111254eeb25477b68fb85ed929f73a960582,0,288510,6401282499,0
20187529,2024-06-28 03:34:35,0xcd23ab7fa153acfa359a2ffbc351d9c74cd56e7a33756962cb9b946f728dcf48,0x401230d64a5d996697cbb7919dd87103b730a693,0xdef1c0ded9bec7f1a1670819833240f027b25eff,0,493033,4306218669,0
20200317,2024-06-29 22:26:47,0x75721e62a97219dee5688cb346e48abb085bb4c79959092d49c0de2bbc7dcec2,0x401230d64a5d996697cbb7919dd87103b730a693,0xdef1c0ded9bec7f1a1670819833240f027b25eff,0,640891,1546972663,0
20213509,2024-07-01 18:38:11,0x20fc814288b49380a4e37047da1c8842d81daf6d3c8d955835070ea152ba1f87,0x401230d64a5d996697cbb7919dd87103b730a693,0xdef1c0ded9bec7f1a1670819833240f027b25eff,0,519290,10578111012,0
20240513,2024-07-05 13:10:23,0x01bbb6ac463218370c0eb1cfec2e4a3f2b843b4aaef9260d49bad3a6ec98ea9f,0x401230d64a5d996697cbb7919dd87103b730a693,0x576e2bed8f7b46d34016198911cdf9886f78bea7,0,33161,6992980265,0
20240513,2024-07-05 13:10:23,0x882b4d2b802a4273ae2a2313b17e7dac1a8aa26fe78d91930905aa0c7af3e76c,0x401230d64a5d996697cbb7919dd87103b730a693,0x1111111254eeb25477b68fb85ed929f73a960582,0,329035,6992980265,0
20255005,2024-07-07 13:43:11,0xa950664bb9c426503ced746a98f796a89beff6283b25b72d421ad34106f7b356,0x401230d64a5d996697cbb7919dd87103b730a693,0xa0b86991c6218b36c1d19d4a2e9eb0ce3606eb48,0,78847,2740276530,0
20255062,2024-07-07 13:54:35,0x0b3c6ee57cb71d909f34b3360f0d375f9dbc60ccec40f55e62d453f41d84e03f,0x401230d64a5d996697cbb7919dd87103b730a693,0xdef1c0ded9bec7f1a1670819833240f027b25eff,0,480758,2217633792,0
20319135,2024-07-16 12:41:11,0xe355886c4783bf8dec538a504e19712f76fa6526aed1a82a53caa624a2d20475,0x401230d64a5d996697cbb7919dd87103b730a693,0x1111111254eeb25477b68fb85ed929f73a960582,0,318432,5854045997,0
20322499,2024-07-16 23:55:47,0x0c0867f40475bc9a486ec7ea99688b8d242d31f795e978d2772f018d8d10b4b3,0x401230d64a5d996697cbb7919dd87103b730a693,0x1111111254eeb25477b68fb85ed929f73a960582,0,302313,5935484927,0
20322512,2024-07-16 23:58:23,0x85d930d7afe24639e82b5bccb8d226aefdcd40b506e202c4fbd0656efc54105b,0x401230d64a5d996697cbb7919dd87103b730a693,0x7039cd6d7966672f194e8139074c3d5c4e6dcf65,0,55302,5079502445,0
20322512,2024-07-16 23:58:23,0x3088d093689c67d4b3abc72c8b563867f7f102805ad3a11cc9d005dfe1b1e07c,0x401230d64a5d996697cbb7919dd87103b730a693,0x1111111254eeb25477b68fb85ed929f73a960582,0,296831,5079502445,0
20330672,2024-07-18 03:17:23,0xc751711df77afe7f206fa3c330b176c8715a0f4d8be582959d93ed0bf2a1c822,0x401230d64a5d996697cbb7919dd87103b730a693,0xdef1c0ded9bec7f1a1670819833240f027b25eff,0,476652,5478900135,0
20330844,2024-07-18 03:52:11,0xaa6def3a870f1efa7967fd891c77b54f00d3c6be880800286a9feafe352e4afb,0x401230d64a5d996697cbb7919dd87103b730a693,0x1111111254eeb25477b68fb85ed929f73a960582,0,302313,4407033189,1
20330886,2024-07-18 04:00:35,0x4cba4882e0d72f9c934574ffb57311bb8edbb7fc0af01c70e66091100d6f068f,0x401230d64a5d996697cbb7919dd87103b730a693,0x1111111254eeb25477b68fb85ed929f73a960582,0,301859,4669185663,0
20333362,2024-07-18 12:19:35,0xe9f06b8415eadc7c31fb4a16d312292f23062c29d06841c45eff5fad05e2df31,0x401230d64a5d996697cbb7919dd87103b730a693,0x1111111254eeb25477b68fb85ed929f73a960582,0,310571,8950931466,0
20348264,2024-07-20 14:12:59,0xf553a533b0b475c82152dc4daeb675692a55893e59751f4ceb268cc22ebb589a,0x401230d64a5d996697cbb7919dd87103b730a693,0x1111111254eeb25477b68fb85ed929f73a960582,0,288482,7625683392,0
20357531,2024-07-21 21:15:11,0xe0cfe06f442e7dd136e64194c62e3134ce1902f41cff6e85da27f5e457f3601a,0x401230d64a5d996697cbb7919dd87103b730a693,0x7039cd6d7966672f194e8139074c3d5c4e6dcf65,0,55302,10580077623,0
20357531,2024-07-21 21:15:11,0x3e222daf55130838d8bde763554d2ebacdeed6b650033ebc5cf56e4f8288903b,0x401230d64a5d996697cbb7919dd87103b730a693,0x1111111254eeb25477b68fb85ed929f73a960582,0,312933,10580077623,0
20362847,2024-07-22 15:04:35,0x6f1d67baee6076b251d53f38b30081d86bed31e957f7cc2fa3f3b861928ec533,0x401230d64a5d996697cbb7919dd87103b730a693,0x1111111254eeb25477b68fb85ed929f73a960582,0,301161,10769669072,0
20369911,2024-07-23 14:44:47,0xdee7ab5d828b0614290c4ae9a9440914d8bd25e6085a524dab721a4b056427fd,0x401230d64a5d996697cbb7919dd87103b730a693,0x1111111254eeb25477b68fb85ed929f73a960582,0,309434,8329782591,0
20374484,2024-07-24 06:02:59,0x5729013d3dffefc26df804ae41a6ffa62f41da0216880b6dacc15f37c4656cc2,0x401230d64a5d996697cbb7919dd87103b730a693,0x9b465aab9e8f325418f222c37de474b1bd38ded2,0,51276,2254748377,0
20374484,2024-07-24 06:02:59,0x7ccc9705f70f0b23bcc85a9816cf9b819734541c3b50e5c70f5a3b8c310e2c55,0x401230d64a5d996697cbb7919dd87103b730a693,0x1111111254eeb25477b68fb85ed929f73a960582,0,280729,2254748377,0
20374678,2024-07-24 06:41:59,0x9d6d1649db36caea0a2bb8ed55c4123dcbcbbfb67915b7d2d59b8f8e29a82eac,0x401230d64a5d996697cbb7919dd87103b730a693,0x9b465aab9e8f325418f222c37de474b1bd38ded2,0,51276,2674581678,0
20374678,2024-07-24 06:41:59,0x3dfce68cf5b854401146dd597601cbd5bc8c32401ac61b8e8c18fffde3abd2a8,0x401230d64a5d996697cbb7919dd87103b730a693,0x1111111254eeb25477b68fb85ed929f73a960582,0,280729,2674581678,0
20375724,2024-07-24 10:12:11,0xeb6e7627a56205497e1e99261c021921233d408ec9b83fb73b62e4431f8a1e31,0x401230d64a5d996697cbb7919dd87103b730a693,0x9b465aab9e8f325418f222c37de474b1bd38ded2,0,51276,2938951100,0
20375724,2024-07-24 10:12:11,0x938ad2e3fb91e04d10ddf988efc1796a265ecb0667b441bf5312ad00a5ad54cb,0x401230d64a5d996697cbb7919dd87103b730a693,0x1111111254eeb25477b68fb85ed929f73a960582,0,280729,2938951100,0
20383126,2024-07-25 11:00:11,0x02aa5aae1dd000503f83b54994439b5719cf6b0d22a251c3f66928b07d2912a5,0x401230d64a5d996697cbb7919dd87103b730a693,0x1111111254eeb25477b68fb85ed929f73a960582,0,300723,2602379372,0
20383135,2024-07-25 11:01:59,0xe6f82d7e3f29ae6448590297b691232517a6a1bdaf64fce47b938fca39957ba0,0x401230d64a5d996697cbb7919dd87103b730a693,0x1111111254eeb25477b68fb85ed929f73a960582,0,289647,2960424137,0
20387995,2024-07-26 03:20:59,0xef083f02ef77ca324a8da5daf4061e150be71da5a18a9d3b711b9777c69592e8,0x401230d64a5d996697cbb7919dd87103b730a693,0x1111111254eeb25477b68fb85ed929f73a960582,0,310571,3203837915,0
20388004,2024-07-26 03:22:47,0xe15dc37cfbb9a6b48c3782bd7d551a28ce2c82bea95971c27e6c0b8768e0fac4,0x401230d64a5d996697cbb7919dd87103b730a693,0x1111111254eeb25477b68fb85ed929f73a960582,0,301859,2949509521,0
20395753,2024-07-27 05:20:23,0x19adf5bfbe3fa792ae8f94c21800275e85ba05ad8bec81d570caa17bd9f6cab5,0x401230d64a5d996697cbb7919dd87103b730a693,0xa0b86991c6218b36c1d19d4a2e9eb0ce3606eb48,0,43225,1192048537,0
20395755,2024-07-27 05:20:47,0xfd54120fafcd0ad065b540ce69e0642ea3584ca71e024b12efd45146e1580369,0x401230d64a5d996697cbb7919dd87103b730a693,0x1111111254eeb25477b68fb85ed929f73a960582,0,296831,1093500312,0
20395758,2024-07-27 05:21:23,0xd126c7220295e0bdc7a7ad41a0fc7eb2c4b5fe77ebdb499b6a500c1061871cda,0x401230d64a5d996697cbb7919dd87103b730a693,0xa0b86991c6218b36c1d19d4a2e9eb0ce3606eb48,0,63353,1289571178,0
20395759,2024-07-27 05:21:35,0x65b317f771b28095fb0f6c02d7b94c71c01992c218f4fef78560f4e7a9a1c593,0x401230d64a5d996697cbb7919dd87103b730a693,0x1111111254eeb25477b68fb85ed929f73a960582,0,280729,1248373163,0
20398762,2024-07-27 15:24:11,0xcef232b5bc55c64196e9b4a66a27181785f0fba21dab7afab9113a5ce1991499,0x401230d64a5d996697cbb7919dd87103b730a693,0xa0b86991c6218b36c1d19d4a2e9eb0ce3606eb48,0,63353,4235504161,0
20398762,2024-07-27 15:24:11,0xfe48c7ce49116b2687a14e7c466f82d3165250cadfabd3d19e4e2ad3acc9a7d0,0x401230d64a5d996697cbb7919dd87103b730a693,0x1111111254eeb25477b68fb85ed929f73a960582,0,296831,4235504161,0
20398856,2024-07-27 15:43:11,0xf51c41847fbc7eb3ba7fc2a0fa4ad22d50c6652ac1d0f4b149b17df93bbb5dbe,0x401230d64a5d996697cbb7919dd87103b730a693,0xa0b86991c6218b36c1d19d4a2e9eb0ce3606eb48,0,63353,3570114709,0
20398856,2024-07-27 15:43:11,0x30e64711bd70dfac177379469ef5f934eac3678333266e912e9513312714fc4d,0x401230d64a5d996697cbb7919dd87103b730a693,0x1111111254eeb25477b68fb85ed929f73a960582,0,280729,3570114709,0
20403869,2024-07-28 08:31:47,0x6fff007cb31ab2fe8524bb985126f362f516525e867d148bfc08b64d1c6122dd,0x401230d64a5d996697cbb7919dd87103b730a693,0xa0b86991c6218b36c1d19d4a2e9eb0ce3606eb48,0,63353,1231935023,0
20403872,2024-07-28 08:32:23,0xb090ba5653c31d339197d5159fab1ac4511a979530154405618166217b59d44b,0x401230d64a5d996697cbb7919dd87103b730a693,0x1111111254eeb25477b68fb85ed929f73a960582,0,296831,1384634156,0
20403978,2024-07-28 08:53:47,0xf7d5fddbe71313d5bbc742c1bad023db4d9522f6c84d718bbefa09aa02dfb051,0x401230d64a5d996697cbb7919dd87103b730a693,0x9b465aab9e8f325418f222c37de474b1bd38ded2,0,51276,1395932819,0
20403979,2024-07-28 08:53:59,0x99772d4b08a9bcfd9ab553c90c19235291a2c540a6c7d8b6c2fc5e8be662a20c,0x401230d64a5d996697cbb7919dd87103b730a693,0x1111111254eeb25477b68fb85ed929f73a960582,0,312933,1301413090,0
20419539,2024-07-30 13:02:23,0xdf604a08381c7fefbd8c26b27fa4de48b549e431a2d2fd12e9bdcaa737011c57,0x401230d64a5d996697cbb7919dd87103b730a693,0x1111111254eeb25477b68fb85ed929f73a960582,29874913736186587,210205,8801822237,0
20450662,2024-08-03 21:19:47,0xab30247be9d4f1f92ea258e5075fecbada6770a593d10ff292a1dd40bb56eb2c,0x401230d64a5d996697cbb7919dd87103b730a693,0x1111111254eeb25477b68fb85ed929f73a960582,17377281637078950,197988,2070644085,0
20453736,2024-08-04 07:36:47,0x8152ba4352bc6630d6a7ad40dbac804c3f5a625a4f657ed87a25fed90e502eff,0x401230d64a5d996697cbb7919dd87103b730a693,0x7039cd6d7966672f194e8139074c3d5c4e6dcf65,0,55302,921907421,0
20453736,2024-08-04 07:36:47,0xa8d4d4ad922a9dd2e4b6762d0b99768f55d70ed0f9b1c0cf0a410cdbd12d9523,0x401230d64a5d996697cbb7919dd87103b730a693,0x1111111254eeb25477b68fb85ed929f73a960582,0,312933,921907421,0
20464204,2024-08-05 18:37:59,0xf649c4949af732a510f1949d4c3ed8ec9054f2d6d90440743844753652b9f0c0,0x401230d64a5d996697cbb7919dd87103b730a693,0x1111111254eeb25477b68fb85ed929f73a960582,165241117773560000,180697,10202309513,0
20468389,2024-08-06 08:38:59,0xa3d0890ae0c21735f0596fc89f4e8622bb31acd19ee24e72f08fa57abe9b7f0e,0x401230d64a5d996697cbb7919dd87103b730a693,0x7039cd6d7966672f194e8139074c3d5c4e6dcf65,0,55302,6686289887,0
20468389,2024-08-06 08:38:59,0xb6f65d4a1d5dd4958b25448b7dd992853436c15a3f462053267f7b50736b1873,0x401230d64a5d996697cbb7919dd87103b730a693,0x1111111254eeb25477b68fb85ed929f73a960582,0,312933,6686289887,0
20468442,2024-08-06 08:49:35,0x7eabfc63d1ec661ae5dc811282362b952c772cfffe999ed8d023f013b7ce5e1d,0x401230d64a5d996697cbb7919dd87103b730a693,0x7039cd6d7966672f194e8139074c3d5c4e6dcf65,0,55302,6259551863,0
20468442,2024-08-06 08:49:35,0x9261ffd7bae0ca7fe3598358911efb011215d955373a1b9ff03e0e12ddb9c5da,0x401230d64a5d996697cbb7919dd87103b730a693,0x1111111254eeb25477b68fb85ed929f73a960582,0,312933,6259551863,0
20469883,2024-08-06 13:38:59,0x24e5d3af7623d5164d92857662e7c66fa3cf57d9a0ef8838ed8ff494e25bf6fe,0x401230d64a5d996697cbb7919dd87103b730a693,0x7039cd6d7966672f194e8139074c3d5c4e6dcf65,0,55302,4773660687,0
20469883,2024-08-06 13:38:59,0xd7ba23abbc760c73b4a126bccd3255b367865a3f288744e1fdc0bb2cb05b180b,0x401230d64a5d996697cbb7919dd87103b730a693,0x1111111254eeb25477b68fb85ed929f73a960582,0,312933,4773660687,0
20469904,2024-08-06 13:43:23,0xbf864f8969f20108b8c2b4909230bfc884c3eb7ddfc7c24d43ebe8739f8f3550,0x401230d64a5d996697cbb7919dd87103b730a693,0x7039cd6d7966672f194e8139074c3d5c4e6dcf65,0,55302,4713118761,0
20469904,2024-08-06 13:43:23,0xf8d691835f82ddf9e4d2805c294d3545a94cb1d1de7d396db22a74f39f118706,0x401230d64a5d996697cbb7919dd87103b730a693,0x1111111254eeb25477b68fb85ed929f73a960582,0,312933,4713118761,0
20472634,2024-08-06 22:52:23,0xfbd27430f876c9667f8a776e4f57f364193a32ba933ef8bbb36f1839f8888a54,0x401230d64a5d996697cbb7919dd87103b730a693,0xa0b86991c6218b36c1d19d4a2e9eb0ce3606eb48,0,63353,1469180681,0
20472634,2024-08-06 22:52:23,0x0cd0006e10a8f7d0761cc81524dca9513ca99c8d224ea440529ff14e433f4638,0x401230d64a5d996697cbb7919dd87103b730a693,0x1111111254eeb25477b68fb85ed929f73a960582,0,216321,1469180681,0
20480431,2024-08-08 00:58:23,0xd5b1ef7b66dd0fbe6a134e8e82e791b3393c23b2b0b4f4d3c1f82756474abde2,0x401230d64a5d996697cbb7919dd87103b730a693,0xdef1c0ded9bec7f1a1670819833240f027b25eff,0,318544,1778642119,0
20486888,2024-08-08 22:33:59,0x669b7f03e462ec85dec2dcd724ba207cc39ed8b135c8b94f15ee2da2b3d090e4,0x401230d64a5d996697cbb7919dd87103b730a693,0x1111111254eeb25477b68fb85ed929f73a960582,0,295854,3819551050,0
20486919,2024-08-08 22:40:11,0xa1cf8b1c645beeb0c703f2260a77138dc744bfa721057539c93b27148d32c5fa,0x401230d64a5d996697cbb7919dd87103b730a693,0xa0b86991c6218b36c1d19d4a2e9eb0ce3606eb48,0,63353,3546386760,0
20486919,2024-08-08 22:40:11,0xb595f8dee770f86532ce12b82ad5884bf9c077780758527d555a18336d8170be,0x401230d64a5d996697cbb7919dd87103b730a693,0x1111111254eeb25477b68fb85ed929f73a960582,0,345137,3546386760,0
20492488,2024-08-09 17:18:59,0xd09f351f352ca1f6fab746215679d2ca2e07eedbf0087a86593fd57ada8bb837,0x401230d64a5d996697cbb7919dd87103b730a693,0xa0b86991c6218b36c1d19d4a2e9eb0ce3606eb48,0,63353,3202755402,0
20492488,2024-08-09 17:18:59,0x39a4458eb28ee86f294aefaa2bc6d4a12886055215e9846f1e65e7c89d1389d5,0x401230d64a5d996697cbb7919dd87103b730a693,0x1111111254eeb25477b68fb85ed929f73a960582,0,296831,3202755402,0
20541320,2024-08-16 12:53:59,0x7388c7d77588de757086842db8dbde3ce782278356e1b81774be3c2855214ef7,0x401230d64a5d996697cbb7919dd87103b730a693,0x7039cd6d7966672f194e8139074c3d5c4e6dcf65,0,55302,3349841813,0
20541320,2024-08-16 12:53:59,0x02639cb7bfb421c64b409893b4b3fb5e55ccb3b703f6fb038158263ae3875040,0x401230d64a5d996697cbb7919dd87103b730a693,0x1111111254eeb25477b68fb85ed929f73a960582,0,602769,3349841813,0
20541429,2024-08-16 13:15:59,0xce6c78e0091be0ea7862753920672d3d7329e8e69f3f43abe3d5eee8fcd893d4,0x401230d64a5d996697cbb7919dd87103b730a693,0xa0b86991c6218b36c1d19d4a2e9eb0ce3606eb48,0,78847,3245271694,0
20541572,2024-08-16 13:44:47,0x540fba1b6f84ec70de12cddcba7273d9cf1ab1a1459a2a3b3fcd736a89babfeb,0x401230d64a5d996697cbb7919dd87103b730a693,0xa0b86991c6218b36c1d19d4a2e9eb0ce3606eb48,0,57212,2732239148,0
20541615,2024-08-16 13:53:23,0x309893b59c4e026ee46e962e941b63690e8e1e42eba25120011d63d970786b24,0x401230d64a5d996697cbb7919dd87103b730a693,0x4a9df3a824a136f13d168749aa1b69ece973557c,79902255792942607,40007,2064300484,0
20592527,2024-08-23 16:34:59,0x1292bdac6a29d3473ff3f5b5912f8fa6772353b3f2a6be3747616e3b784dd808,0x401230d64a5d996697cbb7919dd87103b730a693,0xa0b86991c6218b36c1d19d4a2e9eb0ce3606eb48,0,63353,1522020527,0
20592527,2024-08-23 16:34:59,0xfacf097db6b58c42f76c913e6cbe3f1e60da34b6e02f781f9d5ad27e13690513,0x401230d64a5d996697cbb7919dd87103b730a693,0x1111111254eeb25477b68fb85ed929f73a960582,0,312933,1522020527,0
20592534,2024-08-23 16:36:23,0x39fb8d3c42653f6db0666af8faf3fa51694a8d6ba5e993ab1f98b7470f92260a,0x401230d64a5d996697cbb7919dd87103b730a693,0xa0b86991c6218b36c1d19d4a2e9eb0ce3606eb48,0,63353,1636482067,0
20592534,2024-08-23 16:36:23,0x5e998b01657380a6e1e6f25f1b9bbecf8c719086424af13ee1abb29ae6fabd8e,0x401230d64a5d996697cbb7919dd87103b730a693,0x1111111254eeb25477b68fb85ed929f73a960582,0,312933,1636482067,0
20592595,2024-08-23 16:48:35,0xb7607e0d607c5b91aa5110bd3a31440b6889830eff856dc000c7f044a591e95d,0x401230d64a5d996697cbb7919dd87103b730a693,0xa0b86991c6218b36c1d19d4a2e9eb0ce3606eb48,0,63353,1472449045,0
20592595,2024-08-23 16:48:35,0xa3b98f91f107b0672d9292249b1e6c39f83b0ab87d6d64c1fcef6c3e42cef3d7,0x401230d64a5d996697cbb7919dd87103b730a693,0x1111111254eeb25477b68fb85ed929f73a960582,0,280729,1472449045,0
20756969,2024-09-15 15:39:35,0x5c1951befadb0756b089955c3facd79d4c3fdffe5bfa6b0b20bcb08ec3846aa8,0x401230d64a5d996697cbb7919dd87103b730a693,0x1111111254eeb25477b68fb85ed929f73a960582,41515222594244750,210205,1777988771,0
20786653,2024-09-19 19:12:59,0xb4598c6cdd8f05813c287cc07f96d9ed97eb1e8fff8c330a6427d038db530a0a,0x401230d64a5d996697cbb7919dd87103b730a693,0x1111111254eeb25477b68fb85ed929f73a960582,404399052897418100,236775,16648974951,0
20786673,2024-09-19 19:16:59,0x7a37afa0e40dd6cac275e8168a307d51621c62271d586ebfb650d76fbf3d11b8,0x401230d64a5d996697cbb7919dd87103b730a693,0x7039cd6d7966672f194e8139074c3d5c4e6dcf65,0,55302,15334400091,0
20786673,2024-09-19 19:16:59,0x127074283f7c67f6589a483fb8d5c1dab8e11e34c221b085affd0409231d2aed,0x401230d64a5d996697cbb7919dd87103b730a693,0x1111111254eeb25477b68fb85ed929f73a960582,0,345137,15334400091,0
20786708,2024-09-19 19:23:59,0x9a343ab5bab985b91db20b2ecb2093e38cd31ba94ef8024766d8a915412d0dd9,0x401230d64a5d996697cbb7919dd87103b730a693,0x7039cd6d7966672f194e8139074c3d5c4e6dcf65,0,55302,16486378926,0
20786708,2024-09-19 19:23:59,0xc67c1d06a97f6d61c6ef7eaa5254e4edcd4a892c4d88fa9db7bbac575fc06f73,0x401230d64a5d996697cbb7919dd87103b730a693,0x1111111254eeb25477b68fb85ed929f73a960582,0,345137,16486378926,0
20786749,2024-09-19 19:32:11,0x79f74a6dda260268e6be110554f94a151910719150d301aa70c74e3bb132a64f,0x401230d64a5d996697cbb7919dd87103b730a693,0x7039cd6d7966672f194e8139074c3d5c4e6dcf65,0,55302,13743843431,0
20786749,2024-09-19 19:32:11,0x4c1e379d7766cc3b69dd21b235917db3c35f1c87cc9fa75c3e8ca63a883083a0,0x401230d64a5d996697cbb7919dd87103b730a693,0x1111111254eeb25477b68fb85ed929f73a960582,0,345137,13743843431,0
20788673,2024-09-20 01:58:47,0xd8738b8d6553d1ddc1d7b03f7c484d1d9ad0dbc15048a2d6dd6b91a35337d63b,0x401230d64a5d996697cbb7919dd87103b730a693,0xc9bd9b4f5e96644b9c5c525e99f655ff31ce5ce6,0,51276,6159742692,0
20788673,2024-09-20 01:58:47,0x11a086e3f750df0bc6996a93878b29e9f3d4b8bea7069d6c4e07274c72e0a8d8,0x401230d64a5d996697cbb7919dd87103b730a693,0x1111111254eeb25477b68fb85ed929f73a960582,0,329035,6159742692,0
20788693,2024-09-20 02:02:59,0x3554ddcfa6d210f507486b753d1130d82d1c9e021cd4bb4b9c8056a225d958dd,0x401230d64a5d996697cbb7919dd87103b730a693,0xa0b86991c6218b36c1d19d4a2e9eb0ce3606eb48,0,78847,7436468377,0
20788939,2024-09-20 02:52:23,0xe2537c07686884a411a1482e94f55212bf28196d805f8e6ff337b537fa1aab31,0x401230d64a5d996697cbb7919dd87103b730a693,0xa0b86991c6218b36c1d19d4a2e9eb0ce3606eb48,0,72226,4586244535,0
20788939,2024-09-20 02:52:23,0xeab09d51044d2c7eab2dbe9b8e94100747f7374f5b50e60c589e6fb9ce407399,0x401230d64a5d996697cbb7919dd87103b730a693,0x1231deb6f5749ef6ce6943a275a1d3e7486f4eae,0,501455,4586244535,0
20792913,2024-09-20 16:11:47,0x255876748709b2a5c9602d4c2d97905088b653662c961b40c78ca8400a0cc9d1,0x401230d64a5d996697cbb7919dd87103b730a693,0xa0b86991c6218b36c1d19d4a2e9eb0ce3606eb48,0,50081,21882402020,0
20800652,2024-09-21 18:09:59,0x0f75c1f21c189f07a3298a99c0771c5a58a8bed3de106067743e726cfe6f91e6,0x401230d64a5d996697cbb7919dd87103b730a693,0xa0b86991c6218b36c1d19d4a2e9eb0ce3606eb48,0,50081,12621802701,0
20800679,2024-09-21 18:15:23,0x243b3d517f47f242cdbcbc7ec36cc72ea9c3f6d0109c2b8d0223a9243ac66539,0x401230d64a5d996697cbb7919dd87103b730a693,0xa0b86991c6218b36c1d19d4a2e9eb0ce3606eb48,0,50094,19734369357,0
20821755,2024-09-24 16:49:35,0xd61c9405304e13b1cc66ff033cdd3936b8c853c87231e96afbe31bf1df023018,0x401230d64a5d996697cbb7919dd87103b730a693,0x23da77203eead71e72d7326654c431ef563567a4,0,57828,24063016718,0
20836390,2024-09-26 17:49:11,0xc86e726c107e80a87e7f4d4b4523e0aef07739d0f5b018c84fed00428af83514,0x401230d64a5d996697cbb7919dd87103b730a693,0xdef1c0ded9bec7f1a1670819833240f027b25eff,0,467387,29068007284,0
20850587,2024-09-28 17:19:59,0x427169cdf5364203f7b6cbacab0313302e52f7a0e399b3dfd5bbe4af223881c8,0x401230d64a5d996697cbb7919dd87103b730a693,0xa0b86991c6218b36c1d19d4a2e9eb0ce3606eb48,0,72226,6154163949,0
20850587,2024-09-28 17:19:59,0x83487236f121acd056a08423c39b43da962735354c9c50ad97b726bca4cfeeb4,0x401230d64a5d996697cbb7919dd87103b730a693,0x1231deb6f5749ef6ce6943a275a1d3e7486f4eae,0,501439,6154163949,0
20868944,2024-10-01 06:46:35,0xf59237129a6d72c5fb6d8d191cf5b47a07e2532fdd60ab582daab17e1d0099ac,0x401230d64a5d996697cbb7919dd87103b730a693,0xa0b86991c6218b36c1d19d4a2e9eb0ce3606eb48,0,69386,15033609844,0
20871949,2024-10-01 16:50:59,0x4436e9f857f33578fce338cd7e1247651a4fea6a03aecbe141b0aa8af9508430,0x401230d64a5d996697cbb7919dd87103b730a693,0xa0b86991c6218b36c1d19d4a2e9eb0ce3606eb48,0,50081,32183540084,0
20875055,2024-10-02 03:14:23,0x3afbb7b279bc36bbf61641b71ac7b278d2726a9834e20132f0d5fca8cf7d36bc,0x401230d64a5d996697cbb7919dd87103b730a693,0xdef1c0ded9bec7f1a1670819833240f027b25eff,0,445204,5640141570,0
20877108,2024-10-02 10:06:23,0x2dd68c2c78e0f907d3e22008b3450922b9d753e2977f451268478bbe32d95b59,0x401230d64a5d996697cbb7919dd87103b730a693,0x7039cd6d7966672f194e8139074c3d5c4e6dcf65,0,55302,7015587409,0
20877108,2024-10-02 10:06:23,0xbe5148848596f13da4d8722e1a2a361a34ee85982c9e0c1e629b3c002cb5490e,0x401230d64a5d996697cbb7919dd87103b730a693,0x1111111254eeb25477b68fb85ed929f73a960582,0,312933,7015587409,0
20877175,2024-10-02 10:19:47,0xb0e0c1604106872c953dc951f343ea0fb3ced9e090fc4b7ed228d5183f28bf84,0x401230d64a5d996697cbb7919dd87103b730a693,0x7039cd6d7966672f194e8139074c3d5c4e6dcf65,0,55302,5096727157,0
20877176,2024-10-02 10:19:59,0xf9054aa3d29146bed1ba612ea21919008f0e8b577b37e0c23b1c4d1e5358ac23,0x401230d64a5d996697cbb7919dd87103b730a693,0x1111111254eeb25477b68fb85ed929f73a960582,0,312933,5134726758,0
